word,source_detail,pos,level,meaning
abolish,v. C1,동사,C1,폐지하다
abortion,n. C1,명사,C1,낙태
absence,n. C1,명사,C1,부재
absent,adj. C1,형용사,C1,결석
absorb,v. B2,동사,B2,흡수하다
abstract,adj. B2,형용사,B2,추상
absurd,adj. C1,형용사,C1,터무니없는
abuse,"n., v. C1",명사·동사,C1,"학대, 남용; 학대하다, 남용하다"
academy,n. C1,명사,C1,아카데미
accelerate,v. C1,동사,C1,가속하다
accent,n. B2,명사,B2,악센트
acceptance,n. C1,명사,C1,수용
accessible,adj. C1,형용사,C1,접근 가능
accidentally,adv. B2,부사,B2,우연히
accommodate,v. B2,동사,B2,수용하다
accommodation,n. B2,명사,B2,숙소
accomplish,v. B2,동사,B2,성취하다
accomplishment,n. C1,명사,C1,성취
accordingly,adv. C1,부사,C1,따라서
accountability,n. C1,명사,C1,책임
accountable,adj. C1,형용사,C1,책임이 있는
accountant,n. B2,명사,B2,회계사
accumulate,v. C1,동사,C1,축적하다
accumulation,n. C1,명사,C1,축적
accuracy,n. B2,명사,B2,정확성
accurately,adv. B2,부사,B2,정확하게
accusation,n. C1,명사,C1,비난
accused,n. C1,명사,C1,피고인
acid,"n. B2, adj. C1",명사 / 형용사,B2 / C1,산; 신맛의
acquisition,n. C1,명사,C1,획득
acre,n. B2,명사,B2,에이커
activate,v. B2,동사,B2,활성화하다
activation,n. C1,명사,C1,활성화
activist,n. C1,명사,C1,활동가
acute,adj. C1,형용사,C1,급성
adaptation,n. C1,명사,C1,적응
addiction,n. B2,명사,B2,중독
additionally,adv. B2,부사,B2,추가적으로
adequate,adj. B2,형용사,B2,적절한
adequately,adv. B2,부사,B2,적절하게
adhere,v. C1,동사,C1,고수하다
adjacent,adj. C1,형용사,C1,인접한
adjust,v. B2,동사,B2,조정하다
adjustment,n. C1,명사,C1,조정
administer,v. C1,동사,C1,관리하다
administrative,adj. C1,형용사,C1,행정
administrator,n. C1,명사,C1,관리자
admission,n. C1,명사,C1,입학
adolescent,n. C1,명사,C1,청소년
adoption,n. C1,명사,C1,입양
adverse,adj. C1,형용사,C1,불리한
advocate,"n., v. C1",명사·동사,C1,옹호자; 옹호하다
aesthetic,adj. C1,형용사,C1,미적
affection,n. C1,명사,C1,애정
affordable,adj. B2,형용사,B2,저렴한
aftermath,n. C1,명사,C1,여파
aged,adj. B2,형용사,B2,노인들
aggression,n. C1,명사,C1,공격성
agricultural,adj. C1,형용사,C1,농업
agriculture,n. B2,명사,B2,농업
aide,n. C1,명사,C1,보좌관
AIDS,n. B2,명사,B2,에이즈
alert,"v., n., adj. C1",동사·명사·형용사,C1,경계하다; 경보; 기민한
alien,"n. B2, adj. C1",명사 / 형용사,B2 / C1,외국인; 낯선
align,v. C1,동사,C1,정렬
alignment,n. C1,명사,C1,정렬
alike,"adv., adj. C1",부사·형용사,C1,똑같이
allegation,n. C1,명사,C1,주장
allege,v. C1,동사,C1,주장하다
allegedly,adv. C1,부사,C1,혐의로
alliance,n. C1,명사,C1,동맹
allocate,v. C1,동사,C1,할당하다
allocation,n. C1,명사,C1,할당
allowance,n. C1,명사,C1,수당
ally,n. C1,명사,C1,동맹
alongside,prep. B2,전치사,B2,나란히
altogether,adv. B2,부사,B2,전혀
aluminum,n. C1,명사,C1,알루미늄
amateur,"adj., n. C1",형용사·명사,C1,아마추어
ambassador,n. C1,명사,C1,대사
ambitious,adj. B2,형용사,B2,야심찬
ambulance,n. B2,명사,B2,구급차
amend,v. C1,동사,C1,수정하다
amendment,n. C1,명사,C1,수정안
amid,prep. C1,전치사,C1,가운데
amusing,adj. B2,형용사,B2,재미있는
analogy,n. C1,명사,C1,비유
analyst,n. B2,명사,B2,분석가
ancestor,n. B2,명사,B2,조상
anchor,n. C1,명사,C1,앵커
angel,n. C1,명사,C1,천사
animation,n. B2,명사,B2,애니메이션
annually,adv. B2,부사,B2,매년
anonymous,adj. C1,형용사,C1,익명
anticipate,v. B2,동사,B2,예상하다
anxiety,n. B2,명사,B2,불안
apology,n. B2,명사,B2,사과
apparatus,n. C1,명사,C1,장치
apparel,n. C1,명사,C1,의류
appealing,adj. C1,형용사,C1,매력적인
appetite,n. C1,명사,C1,식욕
applaud,v. C1,동사,C1,박수를 보내다
applicable,adj. C1,형용사,C1,해당
applicant,n. B2,명사,B2,지원자
appoint,v. C1,동사,C1,임명하다
appreciation,n. C1,명사,C1,감사
appropriately,adv. B2,부사,B2,적절하게
arbitrary,adj. C1,형용사,C1,임의의
architectural,adj. C1,형용사,C1,건축
archive,n. C1,명사,C1,아카이브
arena,n. C1,명사,C1,경기장
arm,v. C1,동사,C1,팔
array,n. C1,명사,C1,배열
arrow,n. B2,명사,B2,화살
articulate,v. C1,동사,C1,명확하게 표현하다
artwork,n. B2,명사,B2,삽화
ash,n. C1,명사,C1,재
aspiration,n. C1,명사,C1,포부
aspire,v. C1,동사,C1,열망하다
assassination,n. C1,명사,C1,암살
assault,"n., v. C1",명사·동사,C1,폭행
assemble,v. C1,동사,C1,조립하다
assembly,n. C1,명사,C1,조립
assert,v. C1,동사,C1,주장하다
assertion,n. C1,명사,C1,주장
asset,n. B2,명사,B2,자산
assign,v. B2,동사,B2,할당하다
assistance,n. B2,명사,B2,도움
assumption,n. B2,명사,B2,가정
assurance,n. C1,명사,C1,보증
assure,v. B2,동사,B2,확신하다
astonishing,adj. B2,형용사,B2,놀라운
asylum,n. C1,명사,C1,망명
athletic,adj. B2,형용사,B2,운동의
atrocity,n. C1,명사,C1,잔학행위
attachment,n. B2,명사,B2,첨부 파일
attain,v. C1,동사,C1,달성하다
attendance,n. C1,명사,C1,출석
attribute,"v., n. C1",동사·명사,C1,속성
auction,n. C1,명사,C1,경매
audio,adj. B2,형용사,B2,오디오
audit,n. C1,명사,C1,감사
authentic,adj. C1,형용사,C1,본격적인
authorize,v. C1,동사,C1,승인하다
auto,n. C1,명사,C1,자동
autonomy,n. C1,명사,C1,자율성
autumn,n. C1,명사,C1,가을
availability,n. C1,명사,C1,가용성
await,v. C1,동사,C1,기다리다
awareness,n. B2,명사,B2,인식
awkward,adj. B2,형용사,B2,어색하다
backdrop,n. C1,명사,C1,배경
backing,n. C1,명사,C1,후원
backup,n. C1,명사,C1,백업
badge,n. B2,명사,B2,배지
bail,n. C1,명사,C1,보석금
balanced,adj. B2,형용사,B2,균형 잡힌
ballet,n. B2,명사,B2,발레
balloon,n. B2,명사,B2,풍선
ballot,n. C1,명사,C1,투표용지
bankruptcy,n. C1,명사,C1,파산
banner,n. C1,명사,C1,배너
bare,adj. C1,형용사,C1,벌거벗은
barely,adv. B2,부사,B2,간신히
bargain,n. B2,명사,B2,흥정하다
barrel,n. C1,명사,C1,배럴
basement,n. B2,명사,B2,지하실
basket,n. B2,명사,B2,바구니
bass1,n. C1,명사,C1,베이스1
bat,"n. B2, v. C1",명사 / 동사,B2 / C1,박쥐
battlefield,n. C1,명사,C1,전장
bay,n. C1,명사,C1,만
beam,n. C1,명사,C1,빔
beast,n. C1,명사,C1,짐승
behalf,n. C1,명사,C1,대신하여
behavioral,adj. C1,형용사,C1,행동
beloved,adj. C1,형용사,C1,사랑하는
bench,n. C1,명사,C1,벤치
benchmark,n. C1,명사,C1,벤치마크
beneath,prep. C1,전치사,C1,아래에
beneficial,adj. B2,형용사,B2,유익한
beneficiary,n. C1,명사,C1,수혜자
beside,prep. B2,전치사,B2,옆에
besides,"prep., adv. B2",전치사·부사,B2,게다가
betray,v. C1,동사,C1,배신하다
beverage,n. C1,명사,C1,음료수
bias,n. B2,명사,B2,편견
bid,"n., v. B2",명사·동사,B2,입찰
bind,v. C1,동사,C1,바인딩
biography,n. C1,명사,C1,전기
biological,adj. B2,형용사,B2,생물학적
bishop,n. C1,명사,C1,주교
bizarre,adj. C1,형용사,C1,기괴한
blade,n. C1,명사,C1,블레이드
blanket,n. B2,명사,B2,담요
blast,"n., v. C1",명사·동사,C1,폭발
bleed,v. C1,동사,C1,출혈
blend,"v., n. C1",동사·명사,C1,블렌드
bless,v. C1,동사,C1,축복하다
blessing,n. C1,명사,C1,축복
blow,n. B2,명사,B2,타격
boast,v. C1,동사,C1,자랑하다
bold,adj. B2,형용사,B2,대담한
bombing,n. B2,명사,B2,폭격
bonus,n. C1,명사,C1,보너스
booking,n. C1,명사,C1,예약
boom,n. C1,명사,C1,붐
boost,"v., n. B2",동사·명사,B2,부스트
bounce,v. C1,동사,C1,바운스
bound,adj. B2,형용사,B2,경계
boundary,n. C1,명사,C1,경계
bow1,"v., n. C1",동사·명사,C1,활1
breach,"n., v. C1",명사·동사,C1,위반
breakdown,n. C1,명사,C1,고장
breakthrough,n. C1,명사,C1,획기적인
breed,"v., n. C1",동사·명사,C1,번식하다
brick,n. B2,명사,B2,벽돌
briefly,adv. B2,부사,B2,간단히
broadband,n. C1,명사,C1,광대역
broadcaster,n. B2,명사,B2,방송인
broadly,adv. B2,부사,B2,광범위하게
browser,n. C1,명사,C1,브라우저
brutal,adj. C1,형용사,C1,잔인한
buck,n. B2,명사,B2,책임
buddy,n. C1,명사,C1,친구
buffer,n. C1,명사,C1,버퍼
bug,n. B2,명사,B2,버그
bulk,n. C1,명사,C1,대량
burden,n. C1,명사,C1,부담
bureaucracy,n. C1,명사,C1,관료제
burial,n. C1,명사,C1,매장
burst,v. C1,동사,C1,터지다
cabin,n. B2,명사,B2,선실
cabinet,n. C1,명사,C1,캐비닛
calculation,n. C1,명사,C1,계산
canal,n. B2,명사,B2,운하
candle,n. B2,명사,B2,양초
canvas,n. C1,명사,C1,캔버스
capability,n. C1,명사,C1,능력
capitalism,n. C1,명사,C1,자본주의
capitalist,adj. C1,형용사,C1,자본주의자
carbon,n. B2,명사,B2,탄소
cargo,n. C1,명사,C1,화물
carriage,n. C1,명사,C1,마차
carve,v. C1,동사,C1,새기다
casino,n. C1,명사,C1,카지노
castle,n. B2,명사,B2,성
casual,adj. B2,형용사,B2,캐주얼
casualty,n. C1,명사,C1,사상자
catalog,n. C1,명사,C1,카탈로그
cater,v. C1,동사,C1,음식을 제공하다
cattle,n. C1,명사,C1,소
caution,n. C1,명사,C1,주의
cautious,adj. C1,형용사,C1,신중한
cave,n. B2,명사,B2,동굴
cease,v. C1,동사,C1,그만하다
cemetery,n. C1,명사,C1,묘지
certainty,n. B2,명사,B2,확실성
certificate,n. B2,명사,B2,인증서
challenging,adj. B2,형용사,B2,도전적인
chamber,n. C1,명사,C1,챔버
championship,n. B2,명사,B2,선수권 대회
chaos,n. C1,명사,C1,혼돈
characterize,v. C1,동사,C1,특성화하다
charm,n. C1,명사,C1,매력
charming,adj. B2,형용사,B2,매력적인
charter,n. C1,명사,C1,헌장
chase,"v., n. B2",동사·명사,B2,추적
cheek,n. B2,명사,B2,뺨
cheer,"v., n. B2",동사·명사,B2,응원하다
choir,n. C1,명사,C1,합창단
chop,v. B2,동사,B2,자르다
chronic,adj. C1,형용사,C1,만성
chunk,n. C1,명사,C1,덩어리
circuit,n. B2,명사,B2,회로
circulate,v. C1,동사,C1,순환하다
circulation,n. C1,명사,C1,순환
citizenship,n. C1,명사,C1,시민권
civic,adj. C1,형용사,C1,시민
civilian,"n., adj. C1",명사·형용사,C1,민간인
civilization,n. B2,명사,B2,문명
clarify,v. B2,동사,B2,명확하게 하다
clarity,n. C1,명사,C1,명확성
clash,n. C1,명사,C1,충돌
classification,n. C1,명사,C1,분류
classify,v. B2,동사,B2,분류하다
cliff,n. B2,명사,B2,절벽
cling,v. C1,동사,C1,달라붙다
clinic,n. B2,명사,B2,진료소
clinical,adj. C1,형용사,C1,임상
clip,n. B2,명사,B2,클립
closure,n. C1,명사,C1,폐쇄
cluster,n. C1,명사,C1,클러스터
coalition,n. C1,명사,C1,연합
coastal,adj. C1,형용사,C1,해안
cocktail,n. C1,명사,C1,칵테일
cognitive,adj. C1,형용사,C1,인지
coincide,v. C1,동사,C1,일치하다
coincidence,n. B2,명사,B2,우연의 일치
collaborate,v. C1,동사,C1,협력하다
collaboration,n. C1,명사,C1,협업
collective,adj. C1,형용사,C1,집단
collector,n. B2,명사,B2,수집가
collision,n. C1,명사,C1,충돌
colonial,adj. C1,형용사,C1,식민지 시대의
colony,n. B2,명사,B2,식민지
colorful,adj. B2,형용사,B2,화려한
columnist,n. C1,명사,C1,칼럼니스트
combat,"n., v. C1",명사·동사,C1,전투; 싸우다
comic,"adj., n. B2",형용사·명사,B2,만화
commander,n. B2,명사,B2,사령관
commence,v. C1,동사,C1,시작하다
commentary,n. C1,명사,C1,해설
commentator,n. C1,명사,C1,해설자
commerce,n. C1,명사,C1,상업
commissioner,n. C1,명사,C1,위원
commodity,n. C1,명사,C1,상품
communist,adj. C1,형용사,C1,공산주의자
companion,n. C1,명사,C1,동반자
comparable,adj. C1,형용사,C1,비교할 만한
comparative,adj. B2,형용사,B2,비교
compassion,n. C1,명사,C1,연민
compel,v. C1,동사,C1,강요하다
compelling,adj. C1,형용사,C1,설득력 있는
compensate,v. C1,동사,C1,보상하다
compensation,n. C1,명사,C1,보상
competence,n. C1,명사,C1,역량
competent,adj. C1,형용사,C1,유능한
compile,v. C1,동사,C1,컴파일하다
complement,v. C1,동사,C1,보완하다
completion,n. B2,명사,B2,완성
complexity,n. C1,명사,C1,복잡성
compliance,n. C1,명사,C1,규정 준수
complication,n. C1,명사,C1,합병증
comply,v. C1,동사,C1,준수하다
compose,v. B2,동사,B2,작곡하다
composer,n. B2,명사,B2,작곡가
composition,n. C1,명사,C1,구성
compound,n. B2,명사,B2,화합물
comprehensive,adj. B2,형용사,B2,포괄적인
comprise,v. B2,동사,B2,구성하다
compromise,"n., v. C1",명사·동사,C1,타협
compulsory,adj. B2,형용사,B2,의무적인
compute,v. C1,동사,C1,계산하다
conceal,v. C1,동사,C1,숨기다
concede,v. C1,동사,C1,양보하다
conceive,v. C1,동사,C1,임신하다
conception,n. C1,명사,C1,임신
concession,n. C1,명사,C1,양보
concrete,"adj., n. B2",형용사·명사,B2,콘크리트
condemn,v. C1,동사,C1,비난하다
confer,v. C1,동사,C1,수여하다
confess,v. B2,동사,B2,고백하다
confession,n. C1,명사,C1,고백
configuration,n. C1,명사,C1,구성
confine,v. C1,동사,C1,가두다
confirmation,n. C1,명사,C1,확인
confront,v. C1,동사,C1,직면하다
confrontation,n. C1,명사,C1,대결
confusion,n. B2,명사,B2,혼란
congratulate,v. C1,동사,C1,축하하다
congregation,n. C1,명사,C1,회중
congressional,adj. C1,형용사,C1,의회
conquer,v. C1,동사,C1,정복하다
conscience,n. C1,명사,C1,양심
consciousness,n. C1,명사,C1,의식
consecutive,adj. C1,형용사,C1,연속적인
consensus,n. C1,명사,C1,합의
consent,"n., v. C1",명사·동사,C1,동의
consequently,adv. B2,부사,B2,결과적으로
conservation,n. B2,명사,B2,보존
conserve,v. C1,동사,C1,절약하다
considerable,adj. B2,형용사,B2,상당한
considerably,adv. B2,부사,B2,상당히
consistency,n. C1,명사,C1,일관성
consistently,adv. B2,부사,B2,꾸준히
consolidate,v. C1,동사,C1,통합하다
conspiracy,n. B2,명사,B2,음모
constitute,v. C1,동사,C1,구성하다
constitution,n. C1,명사,C1,헌법
constitutional,adj. C1,형용사,C1,헌법상의
constraint,n. C1,명사,C1,제약
consult,v. B2,동사,B2,상담하다
consultant,n. B2,명사,B2,컨설턴트
consultation,n. C1,명사,C1,상담
consumption,n. B2,명사,B2,소비
contemplate,v. C1,동사,C1,숙고하다
contempt,n. C1,명사,C1,경멸
contend,v. C1,동사,C1,논쟁하다
contender,n. C1,명사,C1,경쟁자
content2,adj. C1,형용사,C1,콘텐츠2
contention,n. C1,명사,C1,논쟁
continually,adv. C1,부사,C1,지속적으로
contractor,n. C1,명사,C1,계약자
contradiction,n. C1,명사,C1,모순
contrary,"adj., n. C1",형용사·명사,C1,반대로
contributor,n. C1,명사,C1,기여자
controversial,adj. B2,형용사,B2,논쟁의 여지가 있는
controversy,n. B2,명사,B2,논쟁
convenience,n. B2,명사,B2,편리함
convention,n. B2,명사,B2,컨벤션
conventional,adj. B2,형용사,B2,기존의
conversion,n. C1,명사,C1,전환
convey,v. B2,동사,B2,전달하다
convict,v. C1,동사,C1,죄수
conviction,n. C1,명사,C1,신념
convincing,adj. B2,형용사,B2,설득력 있는
cooperate,v. C1,동사,C1,협력하다
cooperative,adj. C1,형용사,C1,협동조합
coordinate,v. C1,동사,C1,좌표
coordination,n. C1,명사,C1,조정
coordinator,n. C1,명사,C1,코디네이터
cop,n. B2,명사,B2,경찰
cope,v. B2,동사,B2,대처하다
copper,n. C1,명사,C1,구리
copyright,n. C1,명사,C1,저작권
corporation,n. B2,명사,B2,법인
correction,n. C1,명사,C1,교정
correlate,v. C1,동사,C1,상관시키다
correlation,n. C1,명사,C1,상관관계
correspond,v. C1,동사,C1,대응하다
correspondence,n. C1,명사,C1,서신
correspondent,n. C1,명사,C1,특파원
corresponding,adj. C1,형용사,C1,해당
corridor,n. B2,명사,B2,복도
corrupt,adj. C1,형용사,C1,부패한
corruption,n. C1,명사,C1,부패
costly,adj. C1,형용사,C1,비용이 많이 드는
councilor,n. C1,명사,C1,참의원
counseling,n. C1,명사,C1,상담
counselor,n. C1,명사,C1,상담사
counter (long flat surface),n. B2,명사,B2,카운터(길고 평평한 표면)
counter (argue against),v. C1,동사,C1,반대하다 (반대하다)
counterpart,n. C1,명사,C1,상대방
countless,adj. C1,형용사,C1,셀 수 없이 많은
coup,n. C1,명사,C1,쿠데타
courtesy,n. C1,명사,C1,예의
coverage,n. B2,명사,B2,적용 범위
cowboy,n. B2,명사,B2,카우보이
crack,"v., n. B2",동사·명사,B2,균열
craft,"n. B2, v. C1",명사 / 동사,B2 / C1,공예
crawl,v. C1,동사,C1,크롤링
creativity,n. B2,명사,B2,창의성
creator,n. C1,명사,C1,창조자
credibility,n. C1,명사,C1,신뢰성
credible,adj. C1,형용사,C1,믿을 수 있는
creep,v. C1,동사,C1,크리프
critically,adv. B2,부사,B2,비판적으로
critique,n. C1,명사,C1,비판
crown,n. C1,명사,C1,왕관
crude,adj. C1,형용사,C1,조잡한
cruise,"n., v. B2",명사·동사,B2,크루즈
crush,v. C1,동사,C1,으깨다
crystal,n. C1,명사,C1,크리스탈
cue,n. B2,명사,B2,큐
cult,"n., adj. C1",명사·형용사,C1,컬트
cultivate,v. C1,동사,C1,기르다
curiosity,n. C1,명사,C1,호기심
curious,adj. B2,형용사,B2,호기심
curriculum,n. B2,명사,B2,커리큘럼
custody,n. C1,명사,C1,양육권
cute,adj. B2,형용사,B2,귀엽다
cutting,n. C1,명사,C1,절단
cynical,adj. C1,형용사,C1,냉소적인
dairy,"n., adj. B2",명사·형용사,B2,유제품
dam,n. C1,명사,C1,댐
damaging,adj. C1,형용사,C1,해로운
dare,v. B2,동사,B2,감히
darkness,n. B2,명사,B2,어둠
database,n. B2,명사,B2,데이터베이스
dawn,n. C1,명사,C1,새벽
deadline,n. B2,명사,B2,마감일
deadly,adj. B2,형용사,B2,치명적인
dealer,n. B2,명사,B2,딜러
debris,n. C1,명사,C1,잔해
debut,n. C1,명사,C1,데뷔
decision-making,n. C1,명사,C1,의사결정
decisive,adj. C1,형용사,C1,결정적인
deck,n. B2,명사,B2,갑판
declaration,n. C1,명사,C1,선언
dedicated,adj. C1,형용사,C1,헌신적인
dedication,n. C1,명사,C1,헌신
deed,n. C1,명사,C1,증서
deem,v. C1,동사,C1,생각하다
default,n. C1,명사,C1,기본값
defect,n. C1,명사,C1,결함
defender,n. B2,명사,B2,수비수
defensive,adj. C1,형용사,C1,방어적인
deficiency,n. C1,명사,C1,결핍
deficit,n. C1,명사,C1,적자
defy,v. C1,동사,C1,도전하다
delegate,n. C1,명사,C1,대리인
delegation,n. C1,명사,C1,위임
delete,v. B2,동사,B2,삭제
delicate,adj. C1,형용사,C1,섬세한
delighted,adj. B2,형용사,B2,기뻐하다
democracy,n. B2,명사,B2,민주주의
democratic,adj. B2,형용사,B2,민주적인
demon,n. C1,명사,C1,악마
demonstration,n. B2,명사,B2,데모
denial,n. C1,명사,C1,부정
denounce,v. C1,동사,C1,비난하다
dense,adj. C1,형용사,C1,조밀한
density,n. C1,명사,C1,밀도
depart,v. B2,동사,B2,출발하다
dependence,n. C1,명사,C1,의존
dependent,adj. B2,형용사,B2,종속
depict,v. C1,동사,C1,묘사하다
deploy,v. C1,동사,C1,배포
deployment,n. C1,명사,C1,배포
deposit,"n., v. B2",명사·동사,B2,예금
depression,n. B2,명사,B2,우울증
deprive,v. C1,동사,C1,박탈하다
deputy,n. C1,명사,C1,대리인
derive,v. B2,동사,B2,파생하다
descend,v. C1,동사,C1,하강하다
descent,n. C1,명사,C1,하강
designate,v. C1,동사,C1,지정하다
desirable,adj. C1,형용사,C1,바람직한
desktop,n. C1,명사,C1,데스크탑
desperately,adv. B2,부사,B2,필사적으로
destruction,n. B2,명사,B2,파괴
destructive,adj. C1,형용사,C1,파괴적인
detain,v. C1,동사,C1,억류
detection,n. C1,명사,C1,탐지
detention,n. C1,명사,C1,구금
deteriorate,v. C1,동사,C1,악화하다
determination,n. B2,명사,B2,결심
devastate,v. C1,동사,C1,황폐화하다
devil,n. C1,명사,C1,악마
devise,v. C1,동사,C1,궁리하다
devote,v. B2,동사,B2,헌신하다
diagnose,v. C1,동사,C1,진단하다
diagnosis,n. C1,명사,C1,진단
dictate,v. C1,동사,C1,지시하다
dictator,n. C1,명사,C1,독재자
differ,v. B2,동사,B2,다르다
differentiate,v. C1,동사,C1,차별화하다
dignity,n. C1,명사,C1,존엄성
dilemma,n. C1,명사,C1,딜레마
dime,n. B2,명사,B2,다임
dimension,n. C1,명사,C1,차원
diminish,v. C1,동사,C1,감소시키다
dip,v. C1,동사,C1,딥
diplomat,n. C1,명사,C1,외교관
diplomatic,n. C1,명사,C1,외교적
directory,n. C1,명사,C1,디렉토리
disability,n. B2,명사,B2,장애
disabled,adj. B2,형용사,B2,장애인
disagreement,n. B2,명사,B2,불일치
disappoint,v. B2,동사,B2,실망시키다
disappointment,n. B2,명사,B2,실망
disastrous,adj. C1,형용사,C1,비참한
discard,v. C1,동사,C1,버리다
discharge,v. C1,동사,C1,퇴원
disclose,v. C1,동사,C1,공개하다
disclosure,n. C1,명사,C1,공개
discourage,v. B2,동사,B2,낙담시키다
discourse,n. C1,명사,C1,담론
discretion,n. C1,명사,C1,재량권
discrimination,n. C1,명사,C1,차별
dismissal,n. C1,명사,C1,해고
disorder,n. B2,명사,B2,무질서
displace,v. C1,동사,C1,대체하다
disposal,n. C1,명사,C1,처분
dispose,v. C1,동사,C1,처분하다
dispute,"n., v. C1",명사·동사,C1,분쟁
disrupt,v. C1,동사,C1,방해하다
disruption,n. C1,명사,C1,혼란
dissolve,v. C1,동사,C1,용해하다
distant,adj. B2,형용사,B2,먼
distinct,adj. B2,형용사,B2,별개의
distinction,n. C1,명사,C1,구별
distinctive,adj. C1,형용사,C1,독특한
distinguish,v. B2,동사,B2,구별하다
distort,v. C1,동사,C1,왜곡하다
distract,v. B2,동사,B2,주의를 산만하게 하다
distress,"n., v. C1",명사·동사,C1,고민
disturb,v. B2,동사,B2,방해하다
disturbing,adj. C1,형용사,C1,방해하는
dive,"v., n. B2",동사·명사,B2,다이빙
diverse,adj. B2,형용사,B2,다양한
diversity,n. B2,명사,B2,다양성
divert,v. C1,동사,C1,방향을 바꾸다
divine,adj. C1,형용사,C1,신성한
divorce,"n., v. B2",명사·동사,B2,이혼
doctrine,n. C1,명사,C1,교리
documentation,n. C1,명사,C1,문서화
domain,n. C1,명사,C1,도메인
dominance,n. C1,명사,C1,지배력
dominant,adj. B2,형용사,B2,지배적인
donation,n. B2,명사,B2,기부
donor,n. C1,명사,C1,기증자
dose,n. C1,명사,C1,복용량
dot,n. B2,명사,B2,점
drain,v. C1,동사,C1,배수구
dramatically,adv. B2,부사,B2,극적으로
drift,v. C1,동사,C1,드리프트
driving,adj. C1,형용사,C1,운전
drought,n. B2,명사,B2,가뭄
drown,v. C1,동사,C1,익사하다
dual,adj. C1,형용사,C1,듀얼
dub,v. C1,동사,C1,더빙
dull,adj. B2,형용사,B2,둔한
dumb,adj. C1,형용사,C1,멍청하다
dump,v. B2,동사,B2,덤프
duo,n. C1,명사,C1,듀오
duration,n. B2,명사,B2,기간
dynamic,"adj. B2, n. C1",형용사 / 명사,B2 / C1,역동적인; 동력
eager,adj. B2,형용사,B2,열망하는
earnings,n. C1,명사,C1,수입
ease,"n., v. C1",명사·동사,C1,수월함; 완화하다
echo,"v., n. C1",동사·명사,C1,에코
ecological,adj. C1,형용사,C1,생태학적
economics,n. B2,명사,B2,경제학
economist,n. B2,명사,B2,경제학자
editorial,adj. B2,형용사,B2,사설
educator,n. C1,명사,C1,교육자
effectiveness,n. C1,명사,C1,효율성
efficiency,n. C1,명사,C1,효율성
efficiently,adv. B2,부사,B2,효율적으로
ego,n. C1,명사,C1,자아
elaborate,adj. C1,형용사,C1,정교하게
elbow,n. B2,명사,B2,팔꿈치
electoral,adj. C1,형용사,C1,선거인
electronics,n. B2,명사,B2,전자 제품
elegant,adj. B2,형용사,B2,우아한
elementary,adj. B2,형용사,B2,초등학교
elevate,v. C1,동사,C1,높이다
eligible,adj. C1,형용사,C1,적격
eliminate,v. B2,동사,B2,제거하다
elite,n. C1,명사,C1,엘리트
embark,v. C1,동사,C1,착수하다
embarrassment,n. C1,명사,C1,당혹스러움
embassy,n. C1,명사,C1,대사관
embed,v. C1,동사,C1,삽입하다
embody,v. C1,동사,C1,구현하다
embrace,v. B2,동사,B2,포옹
emergence,n. C1,명사,C1,출현
emission,n. B2,명사,B2,방출
emotionally,adv. B2,부사,B2,감정적으로
empire,n. B2,명사,B2,제국
empirical,adj. C1,형용사,C1,경험적
empower,v. C1,동사,C1,권한을 부여하다
enact,v. C1,동사,C1,제정하다
encompass,v. C1,동사,C1,포위하다
encouragement,n. C1,명사,C1,격려
encouraging,adj. C1,형용사,C1,격려하는
endeavor,n. C1,명사,C1,노력하다
endless,adj. C1,형용사,C1,끝없는
endorse,v. C1,동사,C1,지지하다
endorsement,n. C1,명사,C1,보증
endure,v. C1,동사,C1,견디다
enforce,v. C1,동사,C1,집행하다
enforcement,n. C1,명사,C1,집행
engagement,n. C1,명사,C1,약혼
engaging,adj. C1,형용사,C1,매력적인
enjoyable,adj. B2,형용사,B2,즐거운
enrich,v. C1,동사,C1,풍성하게하다
enroll,v. C1,동사,C1,등록하다
ensue,v. C1,동사,C1,계속되다
enterprise,n. C1,명사,C1,기업
entertaining,adj. B2,형용사,B2,재미있는
enthusiast,n. C1,명사,C1,열성팬
entitle,v. C1,동사,C1,자격을 부여하다
entity,n. C1,명사,C1,엔터티
entrepreneur,n. B2,명사,B2,기업가
envelope,n. B2,명사,B2,봉투
epidemic,n. C1,명사,C1,전염병
equality,n. C1,명사,C1,평등
equation,n. C1,명사,C1,방정식
equip,v. B2,동사,B2,갖추다
equivalent,"n., adj. B2",명사·형용사,B2,동등한
era,n. B2,명사,B2,시대
erect,v. C1,동사,C1,직립하다
erupt,v. B2,동사,B2,분출하다
escalate,v. C1,동사,C1,에스컬레이션
essence,n. C1,명사,C1,본질
essentially,adv. B2,부사,B2,본질적으로
establishment,n. C1,명사,C1,설립
eternal,adj. C1,형용사,C1,영원한
ethic,n. B2,명사,B2,윤리
ethnic,adj. B2,형용사,B2,민족
evacuate,v. C1,동사,C1,대피하다
evaluation,n. B2,명사,B2,평가
evident,adj. B2,형용사,B2,명백한
evoke,v. C1,동사,C1,불러일으키다
evolution,n. B2,명사,B2,진화
evolutionary,adj. C1,형용사,C1,진화론적인
evolve,v. B2,동사,B2,진화하다
exaggerate,v. C1,동사,C1,과장하다
exceed,v. B2,동사,B2,초과하다
excellence,n. C1,명사,C1,우수성
exception,n. B2,명사,B2,예외
exceptional,adj. C1,형용사,C1,예외적인
excess,"n., adj. C1",명사·형용사,C1,초과
excessive,adj. B2,형용사,B2,과도한
exclude,v. B2,동사,B2,제외하다
exclusion,n. C1,명사,C1,제외
exclusive,adj. C1,형용사,C1,독점
exclusively,adv. C1,부사,C1,독점적으로
execute,v. C1,동사,C1,실행하다
execution,n. C1,명사,C1,처형
exert,v. C1,동사,C1,발휘하다
exile,n. C1,명사,C1,추방
exotic,adj. B2,형용사,B2,이국적인
expansion,n. B2,명사,B2,확장
expedition,n. B2,명사,B2,원정대
expenditure,n. C1,명사,C1,지출
experimental,adj. C1,형용사,C1,실험적인
expertise,n. B2,명사,B2,전문적 지식
expire,v. C1,동사,C1,만료
explicit,adj. C1,형용사,C1,명시적인
explicitly,adv. C1,부사,C1,명시적으로
exploit,v. B2,동사,B2,착취
exploitation,n. C1,명사,C1,착취
explosive,"adj., n. C1",형용사·명사,C1,폭발성
exposure,n. B2,명사,B2,노출
extension,n. B2,명사,B2,확장
extensive,adj. B2,형용사,B2,광범위한
extensively,adv. B2,부사,B2,광범위하게
extract,"n. B2, v. C1",명사 / 동사,B2 / C1,추출물
extremist,n. C1,명사,C1,극단주의자
fabric,n. B2,명사,B2,직물
fabulous,adj. B2,형용사,B2,굉장한
facilitate,v. C1,동사,C1,촉진하다
faction,n. C1,명사,C1,파벌
faculty,n. B2,명사,B2,교수진
fade,v. C1,동사,C1,페이드
failed,adj. B2,형용사,B2,실패했다
fairness,n. C1,명사,C1,공정성
fake,adj. B2,형용사,B2,가짜
fame,n. B2,명사,B2,명성
fantasy,n. B2,명사,B2,판타지
fare,n. B2,명사,B2,요금
fatal,adj. C1,형용사,C1,치명적인
fate,n. C1,명사,C1,운명
favorable,adj. C1,형용사,C1,유리한
feat,n. C1,명사,C1,위업
felony,n. C1,명사,C1,중죄
feminist,"adj., n. C1",형용사·명사,C1,페미니스트
fiber,n. C1,명사,C1,섬유
fierce,adj. C1,형용사,C1,맹렬한
filmmaker,n. C1,명사,C1,영화제작자
filter,"n., v. C1",명사·동사,C1,필터
fine,"n., v. C1",명사·동사,C1,괜찮아
firearm,n. C1,명사,C1,총기
firefighter,n. B2,명사,B2,소방관
firework,n. B2,명사,B2,불꽃놀이
firm,adj. B2,형용사,B2,확고한
firmly,adv. B2,부사,B2,단단히
fiscal,adj. C1,형용사,C1,재정
fit,n. C1,명사,C1,적합
flavor,n. B2,명사,B2,맛
flaw,n. C1,명사,C1,결점
flawed,adj. C1,형용사,C1,결함이 있는
flee,v. C1,동사,C1,도망치다
fleet,n. C1,명사,C1,함대
flesh,n. C1,명사,C1,육체
flexibility,n. C1,명사,C1,유연성
flourish,v. C1,동사,C1,번영하다
fluid,n. C1,명사,C1,유동체
fond,adj. B2,형용사,B2,좋아하다
fool,n. B2,명사,B2,바보
footage,n. C1,명사,C1,영상
forbid,v. B2,동사,B2,금지하다
forecast,"n., v. B2",명사·동사,B2,예측
foreigner,n. C1,명사,C1,외국인
forge,v. C1,동사,C1,위조하다
format,n. B2,명사,B2,형식
formation,n. B2,명사,B2,형성
formerly,adv. B2,부사,B2,이전에
formula,n. C1,명사,C1,공식
formulate,v. C1,동사,C1,공식화하다
forth,adv. C1,부사,C1,앞으로
forthcoming,adj. C1,형용사,C1,곧
fortunate,adj. B2,형용사,B2,운이 좋은
forum,n. B2,명사,B2,포럼
fossil,n. B2,명사,B2,화석
foster,v. C1,동사,C1,위탁
foundation,n. B2,명사,B2,기초
founder,n. B2,명사,B2,창립자
fraction,n. B2,명사,B2,분수
fragile,adj. C1,형용사,C1,깨지기 쉬운
fragment,n. B2,명사,B2,조각
framework,n. B2,명사,B2,프레임워크
franchise,n. C1,명사,C1,프랜차이즈
frankly,adv. C1,부사,C1,솔직히
fraud,n. B2,명사,B2,사기
freely,adv. B2,부사,B2,자유롭게
frequent,adj. B2,형용사,B2,자주
freshman,n. C1,명사,C1,신입생
frustrated,adj. C1,형용사,C1,좌절하다
frustrating,adj. C1,형용사,C1,실망스러운
frustration,n. C1,명사,C1,좌절
fulfill,v. B2,동사,B2,이행하다
full-time,"adj., adv. B2",형용사·부사,B2,풀타임
functional,adj. C1,형용사,C1,기능성
fundamentally,adv. B2,부사,B2,근본적으로
fundraising,n. C1,명사,C1,모금 활동
funeral,n. C1,명사,C1,장례식
furious,adj. B2,형용사,B2,맹렬한
gallon,n. B2,명사,B2,갤런
gambling,n. C1,명사,C1,도박
gaming,n. B2,명사,B2,게임
gathering,n. C1,명사,C1,모임
gay,adj. B2,형용사,B2,게이
gaze,"n., v. C1",명사·동사,C1,시선
gear,n. C1,명사,C1,기어
gender,n. B2,명사,B2,성별
gene,n. B2,명사,B2,유전자
generic,adj. C1,형용사,C1,일반
genetic,adj. B2,형용사,B2,유전적
genius,n. B2,명사,B2,천재
genocide,n. C1,명사,C1,대량 학살
genuine,adj. B2,형용사,B2,정품
genuinely,adv. B2,부사,B2,진심으로
gesture,n. B2,명사,B2,몸짓
gig,n. C1,명사,C1,공연
glance,"n., v. C1",명사·동사,C1,한눈에
glimpse,n. C1,명사,C1,엿보다
globalization,n. B2,명사,B2,세계화
globe,n. B2,명사,B2,지구
glorious,adj. C1,형용사,C1,영광스러운
glory,n. C1,명사,C1,영광
golden,adj. B2,형용사,B2,황금의
goodness,n. B2,명사,B2,맙소사
gorgeous,adj. B2,형용사,B2,화려한
governance,n. C1,명사,C1,거버넌스
grace,n. C1,명사,C1,은혜
graphic,adj. B2,형용사,B2,그래픽
graphics,n. B2,명사,B2,그래픽
grasp,"v., n. C1",동사·명사,C1,"움켜쥠; 이해하다, 움켜쥐다"
grave (for dead person),n. C1,명사,C1,무덤
grave (serious),adj. C1,형용사,C1,"심각한, 중대한"
gravity,n. C1,명사,C1,중력
greatly,adv. B2,부사,B2,크게
greenhouse,n. B2,명사,B2,온실
grid,n. C1,명사,C1,그리드
grief,n. C1,명사,C1,슬픔
grin,"v., n. C1",동사·명사,C1,활짝 웃다; 활짝 웃음
grind,v. C1,동사,C1,갈기
grip,"n., v. C1",명사·동사,C1,움켜쥠; 꽉 잡다
gross,adj. C1,형용사,C1,총
guerrilla,n. C1,명사,C1,게릴라
guidance,n. C1,명사,C1,지도
guideline,n. B2,명사,B2,지침
guilt,n. C1,명사,C1,죄책감
gut,n. C1,명사,C1,내장
habitat,n. B2,명사,B2,서식지
hail,v. C1,동사,C1,우박
halfway,adv. C1,부사,C1,도중에
halt,"v., n. C1",동사·명사,C1,정지하다
handful,n. C1,명사,C1,소수
handling,n. C1,명사,C1,취급
handy,adj. C1,형용사,C1,편리한
harassment,n. C1,명사,C1,괴롭힘
harbor,n. B2,명사,B2,항구
hardware,n. C1,명사,C1,하드웨어
harmony,n. C1,명사,C1,조화
harsh,adj. C1,형용사,C1,가혹한
harvest,"n., v. C1",명사·동사,C1,수확; 수확하다
hatred,n. C1,명사,C1,증오
haunt,v. C1,동사,C1,출몰하다
hazard,n. C1,명사,C1,위험
headquarters,n. B2,명사,B2,본부
heal,v. B2,동사,B2,고치다
healthcare,n. B2,명사,B2,건강 관리
heighten,v. C1,동사,C1,높이다
helmet,n. B2,명사,B2,헬멧
hence,adv. B2,부사,B2,따라서
herb,n. B2,명사,B2,허브
heritage,n. C1,명사,C1,유산
hidden,adj. B2,형용사,B2,숨겨진
hierarchy,n. C1,명사,C1,계층 구조
high-profile,adj. C1,형용사,C1,세간의 이목을 끄는
hilarious,adj. B2,형용사,B2,재미있다
hint,"n., v. C1",명사·동사,C1,힌트
hip,n. B2,명사,B2,잘 알고 있기
historian,n. B2,명사,B2,역사가
homeland,n. C1,명사,C1,고국
homeless,adj. B2,형용사,B2,노숙자
honesty,n. B2,명사,B2,정직
honey,n. B2,명사,B2,여보
hook,"n., v. B2",명사·동사,B2,후크
hopeful,adj. C1,형용사,C1,희망적인
hopefully,adv. B2,부사,B2,바라건대
horizon,n. C1,명사,C1,지평선
horn,n. C1,명사,C1,경적
hostage,n. C1,명사,C1,인질
hostile,adj. C1,형용사,C1,적대적인
hostility,n. C1,명사,C1,적대감
humanitarian,adj. C1,형용사,C1,인도주의적인
humanity,n. C1,명사,C1,인류
humble,adj. C1,형용사,C1,겸손한
hunger,n. B2,명사,B2,배고픔
hydrogen,n. C1,명사,C1,수소
hypothesis,n. B2,명사,B2,가설
icon,n. B2,명사,B2,아이콘
ID,n. B2,명사,B2,아이디
identical,adj. B2,형용사,B2,동일한
identification,n. C1,명사,C1,신분증
ideological,adj. C1,형용사,C1,이데올로기적인
ideology,n. C1,명사,C1,이데올로기
idiot,n. C1,명사,C1,바보
ignorance,n. C1,명사,C1,무지
illusion,n. B2,명사,B2,환상
imagery,n. C1,명사,C1,이미지
immense,adj. C1,형용사,C1,엄청난
immigration,n. B2,명사,B2,이민
imminent,adj. C1,형용사,C1,임박한
immune,adj. B2,형용사,B2,면역
implement,v. B2,동사,B2,구현하다
implementation,n. C1,명사,C1,구현
implication,n. B2,명사,B2,의미
imprison,v. C1,동사,C1,투옥하다
inability,n. C1,명사,C1,무능력
inadequate,adj. C1,형용사,C1,불충분하다
inappropriate,adj. C1,형용사,C1,부적절하다
incarcerate,v. C1,동사,C1,감금하다
incarceration,n. C1,명사,C1,투옥
incentive,n. B2,명사,B2,인센티브
incidence,n. C1,명사,C1,발병률
inclined,adj. C1,형용사,C1,기울어진
inclusion,n. C1,명사,C1,포함
incorporate,v. B2,동사,B2,통합하다
incorrect,adj. B2,형용사,B2,잘못된
incur,v. C1,동사,C1,발생하다
independence,n. B2,명사,B2,독립
index,n. B2,명사,B2,색인
indication,n. B2,명사,B2,표시
indicator,n. C1,명사,C1,표시기
indictment,n. C1,명사,C1,기소
indigenous,adj. C1,형용사,C1,원주민
induce,v. C1,동사,C1,유도하다
indulge,v. C1,동사,C1,탐닉하다
inequality,n. C1,명사,C1,불평등
inevitable,adj. B2,형용사,B2,피할 수 없는
inevitably,adv. B2,부사,B2,필연적으로
infamous,adj. C1,형용사,C1,악명 높은
infant,n. C1,명사,C1,유아
infect,v. C1,동사,C1,감염시키다
infer,v. B2,동사,B2,추론하다
inflation,n. B2,명사,B2,인플레이션
inflict,v. C1,동사,C1,가하다
influential,adj. C1,형용사,C1,영향력 있는
info,n. B2,명사,B2,정보
infrastructure,n. B2,명사,B2,인프라
inhabitant,n. B2,명사,B2,주민
inherent,adj. C1,형용사,C1,고유의
inherit,v. B2,동사,B2,상속하다
inhibit,v. C1,동사,C1,억제하다
initiate,v. C1,동사,C1,시작하다
inject,v. C1,동사,C1,주입하다
injection,n. C1,명사,C1,주입
injustice,n. C1,명사,C1,불의
ink,n. B2,명사,B2,잉크
inmate,n. C1,명사,C1,수감자
innovation,n. B2,명사,B2,혁신
innovative,adj. B2,형용사,B2,혁신적인
input,n. B2,명사,B2,입력
inquire,v. C1,동사,C1,문의하다
insert,v. B2,동사,B2,삽입하다
insertion,n. C1,명사,C1,삽입
insider,n. C1,명사,C1,내부자
inspect,v. C1,동사,C1,검사하다
inspection,n. C1,명사,C1,검사
inspector,n. B2,명사,B2,검사관
inspiration,n. C1,명사,C1,영감
installation,n. B2,명사,B2,설치
instant,adj. B2,형용사,B2,인스턴트
instantly,adv. B2,부사,B2,즉시
instinct,n. C1,명사,C1,본능
institutional,adj. C1,형용사,C1,제도적
instruct,v. C1,동사,C1,지시하다
instrumental,adj. C1,형용사,C1,악기
insufficient,adj. C1,형용사,C1,불충분하다
insult,"n., v. C1",명사·동사,C1,모욕
intact,adj. C1,형용사,C1,손상되지 않은
intake,n. C1,명사,C1,섭취
integral,adj. C1,형용사,C1,적분
integrate,v. B2,동사,B2,통합하다
integrated,adj. C1,형용사,C1,통합
integration,n. C1,명사,C1,통합
integrity,n. C1,명사,C1,무결성
intellectual,"adj. B2, n. C1",형용사 / 명사,B2 / C1,지적
intensify,v. C1,동사,C1,강화하다
intensity,n. C1,명사,C1,강도
intensive,adj. C1,형용사,C1,집중적인
intent,n. C1,명사,C1,의도
interact,v. B2,동사,B2,상호작용하다
interaction,n. B2,명사,B2,상호 작용
interactive,adj. C1,형용사,C1,대화형
interface,n. C1,명사,C1,인터페이스
interfere,v. C1,동사,C1,방해하다
interference,n. C1,명사,C1,간섭
interim,adj. C1,형용사,C1,임시
interior,"adj., n. C1",형용사·명사,C1,인테리어
intermediate,adj. C1,형용사,C1,중급
interpretation,n. B2,명사,B2,해석
intersection,n. C1,명사,C1,교차로
interval,n. B2,명사,B2,간격
intervene,v. C1,동사,C1,개입하다
intervention,n. C1,명사,C1,개입
intimate,adj. C1,형용사,C1,친밀한
intriguing,adj. C1,형용사,C1,흥미로운
invade,v. B2,동사,B2,침략하다
invasion,n. B2,명사,B2,침략
inventory,n. C1,명사,C1,재고
investigator,n. C1,명사,C1,수사관
investor,n. B2,명사,B2,투자자
invisible,adj. C1,형용사,C1,보이지 않는
invoke,v. C1,동사,C1,불러내다
involvement,n. C1,명사,C1,참여
ironic,adj. C1,형용사,C1,아이러니한
ironically,adv. C1,부사,C1,아이러니하게도
irony,n. C1,명사,C1,아이러니
irrelevant,adj. C1,형용사,C1,관련 없는
isolate,v. B2,동사,B2,격리하다
isolated,adj. B2,형용사,B2,외딴
isolation,n. C1,명사,C1,격리
jail,"n., v. B2",명사·동사,B2,감옥
jet,n. B2,명사,B2,제트기
joint,"adj., n. B2",형용사·명사,B2,관절
journalism,n. B2,명사,B2,저널리즘
judicial,adj. C1,형용사,C1,사법
jurisdiction,n. C1,명사,C1,관할권
jury,n. B2,명사,B2,배심원
just,adj. C1,형용사,C1,그냥
justification,n. C1,명사,C1,정당화
keen,adj. C1,형용사,C1,예리한
kidnap,v. C1,동사,C1,납치
kidney,n. C1,명사,C1,신장
kindergarten,n. B2,명사,B2,유치원
kingdom,n. C1,명사,C1,왕국
kit,n. B2,명사,B2,키트
ladder,n. B2,명사,B2,사다리
landing,n. B2,명사,B2,착륙
landlord,n. C1,명사,C1,집주인
landmark,n. C1,명사,C1,랜드마크
lane,n. B2,명사,B2,차선
lap,n. C1,명사,C1,무릎
large-scale,adj. C1,형용사,C1,대규모
laser,n. C1,명사,C1,레이저
lately,adv. B2,부사,B2,요즘
latter,"adj., n. C1",형용사·명사,C1,후자
lawmaker,n. C1,명사,C1,국회의원
lawn,n. C1,명사,C1,잔디밭
lawsuit,n. C1,명사,C1,소송
layout,n. C1,명사,C1,레이아웃
leak,"v., n. C1",동사·명사,C1,누출
leap,"v., n. C1",동사·명사,C1,도약
legacy,n. C1,명사,C1,유산
legend,n. B2,명사,B2,전설
legendary,adj. C1,형용사,C1,전설적인
legislation,n. C1,명사,C1,입법
legislative,adj. C1,형용사,C1,입법
legislature,n. C1,명사,C1,입법부
legitimate,adj. C1,형용사,C1,합법적인
lengthy,adj. C1,형용사,C1,긴
lens,n. B2,명사,B2,렌즈
lesbian,adj. C1,형용사,C1,레즈비언
lesser,adj. C1,형용사,C1,덜
lethal,adj. C1,형용사,C1,치명적인
liable,adj. C1,형용사,C1,책임이 있는
liberal,"adj., n. C1",형용사·명사,C1,자유주의
liberation,n. C1,명사,C1,해방
liberty,n. C1,명사,C1,자유
lifelong,adj. C1,형용사,C1,평생
lifetime,n. B2,명사,B2,평생
lighting,n. B2,명사,B2,조명
likelihood,n. C1,명사,C1,가능성
likewise,adv. B2,부사,B2,마찬가지로
limb,n. C1,명사,C1,사지
limitation,n. B2,명사,B2,제한
linear,adj. C1,형용사,C1,선형
lineup,n. C1,명사,C1,라인업
linger,v. C1,동사,C1,머무르다
listing,n. C1,명사,C1,목록
liter,n. C1,명사,C1,리터
literacy,n. C1,명사,C1,읽고 쓰는 능력
literally,adv. B2,부사,B2,말 그대로
literary,adj. B2,형용사,B2,문학적
litter,n. B2,명사,B2,쓰레기
liver,n. C1,명사,C1,간
lobby,"n., v. C1",명사·동사,C1,로비
log,"n., v. C1",명사·동사,C1,로그
logic,n. C1,명사,C1,논리
logo,n. B2,명사,B2,로고
long-standing,adj. C1,형용사,C1,오랫동안 지속된
longtime,adj. C1,형용사,C1,오랫동안
loom,v. C1,동사,C1,직기
loop,n. C1,명사,C1,루프
lottery,n. B2,명사,B2,복권
loyal,adj. B2,형용사,B2,충성스러운
loyalty,n. C1,명사,C1,충성도
lyric,n. B2,명사,B2,가사
machinery,n. C1,명사,C1,기계류
magical,adj. C1,형용사,C1,마법 같은
magnetic,adj. C1,형용사,C1,자기
magnificent,adj. B2,형용사,B2,웅장한
magnitude,n. C1,명사,C1,크기
mainland,n. C1,명사,C1,본토
mainstream,"n., adj. C1",명사·형용사,C1,주류
maintenance,n. C1,명사,C1,유지 보수
makeup,n. B2,명사,B2,메이크업
making,n. B2,명사,B2,만들기
mandate,n. C1,명사,C1,위임장
mandatory,adj. C1,형용사,C1,필수
manifest,v. C1,동사,C1,매니페스트
manipulate,v. C1,동사,C1,조작하다
manipulation,n. C1,명사,C1,조작
manufacture,v. B2,동사,B2,제조
manufacturing,n. B2,명사,B2,제조
manuscript,n. C1,명사,C1,원고
marathon,n. B2,명사,B2,마라톤
march,"n., v. C1",명사·동사,C1,행진
margin,n. B2,명사,B2,여백
marginal,adj. C1,형용사,C1,한계
marine,adj. C1,형용사,C1,해양
marker,n. B2,명사,B2,마커
marketplace,n. C1,명사,C1,시장
martial,adj. B2,형용사,B2,무술
mask,n. C1,명사,C1,마스크
massacre,n. C1,명사,C1,학살
mate,"n., v. B2",명사·동사,B2,친구
mathematical,adj. C1,형용사,C1,수학적인
mature,"adj., v. C1",형용사·동사,C1,성숙한; 성숙하다
maximize,v. C1,동사,C1,최대화하다
meaningful,adj. C1,형용사,C1,의미있는
meantime,n. C1,명사,C1,그동안
mechanic,n. B2,명사,B2,기계공
mechanical,adj. B2,형용사,B2,기계적인
mechanism,n. B2,명사,B2,메커니즘
medal,n. B2,명사,B2,메달
medication,n. B2,명사,B2,약물 치료
medieval,adj. C1,형용사,C1,중세의
meditation,n. C1,명사,C1,명상
melody,n. C1,명사,C1,멜로디
membership,n. B2,명사,B2,회원
memo,n. C1,명사,C1,메모
memoir,n. C1,명사,C1,회고록
memorable,adj. B2,형용사,B2,기억에 남는
memorial,n. C1,명사,C1,기념관
mentor,n. C1,명사,C1,멘토
merchant,n. C1,명사,C1,상인
mercy,n. C1,명사,C1,자비
mere,adj. C1,형용사,C1,단지
merely,adv. C1,부사,C1,단지
merge,v. C1,동사,C1,병합
merger,n. C1,명사,C1,합병
merit,n. C1,명사,C1,장점
metaphor,n. B2,명사,B2,은유
methodology,n. C1,명사,C1,방법론
midst,n. C1,명사,C1,가운데
migration,n. C1,명사,C1,이주
militant,"n., adj. C1",명사·형용사,C1,전투적인
militia,n. C1,명사,C1,민병대
mill,n. C1,명사,C1,밀
miner,n. B2,명사,B2,광부
minimal,adj. C1,형용사,C1,최소한의
minimize,v. C1,동사,C1,최소화하다
mining,n. C1,명사,C1,채광
ministry,n. C1,명사,C1,사역
minute2,adj. C1,형용사,C1,"아주 작은, 미세한"
miracle,n. C1,명사,C1,기적
miserable,adj. B2,형용사,B2,비참한
misery,n. C1,명사,C1,불행
misleading,adj. C1,형용사,C1,오해의 소지가 있는
missile,n. C1,명사,C1,미사일
mob,n. C1,명사,C1,폭도
mobile,adj. C1,형용사,C1,모바일
mobility,n. C1,명사,C1,이동성
mobilize,v. C1,동사,C1,동원하다
mode,n. B2,명사,B2,모드
moderate,adj. C1,형용사,C1,보통
modest,adj. B2,형용사,B2,겸손한
modification,n. C1,명사,C1,수정
module,n. C1,명사,C1,모듈
momentum,n. C1,명사,C1,추진력
monk,n. C1,명사,C1,수도사
monopoly,n. C1,명사,C1,독점
monster,n. B2,명사,B2,괴물
monthly,adj. B2,형용사,B2,매달
monument,n. B2,명사,B2,기념물
morality,n. C1,명사,C1,도덕성
moreover,adv. B2,부사,B2,더욱이
mortgage,n. B2,명사,B2,모기지
mosque,n. B2,명사,B2,모스크
mosquito,n. B2,명사,B2,모기
motion,n. B2,명사,B2,모션
motivate,v. B2,동사,B2,동기를 부여하다
motivation,n. B2,명사,B2,동기부여
motive,n. C1,명사,C1,동기
moving,adj. B2,형용사,B2,이사
municipal,adj. C1,형용사,C1,지방 자치 단체
mutual,adj. C1,형용사,C1,상호
myth,n. B2,명사,B2,신화
naked,adj. B2,형용사,B2,적나라한
namely,adv. C1,부사,C1,즉
nasty,adj. B2,형용사,B2,불쾌한
nationwide,adj. C1,형용사,C1,전국적으로
naval,adj. C1,형용사,C1,해군
navigation,n. B2,명사,B2,네비게이션
nearby,"adj., adv. B2",형용사·부사,B2,인근
necessity,n. B2,명사,B2,필요성
neglect,"v., n. C1",동사·명사,C1,방치하다
negotiate,v. B2,동사,B2,협상하다
negotiation,n. B2,명사,B2,협상
neighboring,adj. C1,형용사,C1,이웃
nest,n. C1,명사,C1,둥지
net,adj. C1,형용사,C1,그물
neutral,adj. B2,형용사,B2,중립
newly,adv. B2,부사,B2,새롭게
newsletter,n. C1,명사,C1,뉴스레터
niche,n. C1,명사,C1,틈새 시장
nickel,n. B2,명사,B2,니켈
noble,adj. C1,형용사,C1,고귀한
nod,v. C1,동사,C1,고개를 끄덕이다
nominate,v. C1,동사,C1,지명하다
nomination,n. C1,명사,C1,지명
nominee,n. C1,명사,C1,후보자
nonetheless,adv. C1,부사,C1,그럼에도 불구하고
nonprofit,adj. C1,형용사,C1,비영리
nonsense,n. C1,명사,C1,말도 안 되는 소리
noon,n. C1,명사,C1,정오
norm,n. B2,명사,B2,규범
notable,adj. C1,형용사,C1,주목할만한
notably,adv. C1,부사,C1,특히
notebook,n. B2,명사,B2,노트북
notify,v. C1,동사,C1,통지하다
notorious,adj. C1,형용사,C1,악명 높은
novel,adj. C1,형용사,C1,소설
novelist,n. B2,명사,B2,소설가
nowadays,adv. B2,부사,B2,요즘에는
nursery,n. C1,명사,C1,보육원
nursing,adj. B2,형용사,B2,간호
nutrition,n. B2,명사,B2,영양
obesity,n. B2,명사,B2,비만
objection,n. C1,명사,C1,반대
oblige,v. C1,동사,C1,의무를 다하다
observer,n. B2,명사,B2,관찰자
obsess,v. C1,동사,C1,집착하다
obsession,n. C1,명사,C1,집착
obstacle,n. B2,명사,B2,장애물
occasional,adj. C1,형용사,C1,가끔
occupation,n. B2,명사,B2,직업
occupy,v. B2,동사,B2,점유하다
occurrence,n. C1,명사,C1,발생
odds,n. C1,명사,C1,확률
offender,n. B2,명사,B2,범죄자
offering,n. C1,명사,C1,헌금
offspring,n. C1,명사,C1,자손
ongoing,adj. B2,형용사,B2,진행중인
openly,adv. B2,부사,B2,공개적으로
opera,n. B2,명사,B2,오페라
operational,adj. C1,형용사,C1,운영상의
operator,n. B2,명사,B2,운영자
opt,v. C1,동사,C1,선택하다
optical,adj. C1,형용사,C1,광학
optimism,n. C1,명사,C1,낙관주의
optimistic,adj. B2,형용사,B2,낙관적인
oral,adj. C1,형용사,C1,구두의
orchestra,n. B2,명사,B2,오케스트라
organic,adj. B2,형용사,B2,유기농
organizational,adj. C1,형용사,C1,조직적인
orientation,n. C1,명사,C1,오리엔테이션
originate,v. C1,동사,C1,유래하다
outbreak,n. C1,명사,C1,발병
outfit,n. B2,명사,B2,복장
outing,n. C1,명사,C1,나들이
outlet,n. C1,명사,C1,콘센트
outlook,n. C1,명사,C1,전망
output,n. B2,명사,B2,출력
outrage,"n., v. C1",명사·동사,C1,분노
outsider,n. C1,명사,C1,외부인
outstanding,adj. B2,형용사,B2,뛰어난
overcome,v. B2,동사,B2,극복하다
overlook,v. C1,동사,C1,간과하다
overly,adv. C1,부사,C1,지나치게
overnight,adv. B2,부사,B2,밤새
oversee,v. C1,동사,C1,감독하다
overturn,v. C1,동사,C1,전복
overwhelm,v. C1,동사,C1,압도하다
overwhelming,adj. C1,형용사,C1,압도적이다
ownership,n. B2,명사,B2,소유권
oxygen,n. B2,명사,B2,산소
packet,n. B2,명사,B2,패킷
pad,n. C1,명사,C1,패드
palm,n. B2,명사,B2,손바닥
panic,n. B2,명사,B2,공황
parade,n. B2,명사,B2,퍼레이드
parallel,"adj., n. B2",형용사·명사,B2,평행
parameter,n. C1,명사,C1,매개변수
parental,adj. C1,형용사,C1,부모의
parliament,n. C1,명사,C1,의회
partial,adj. C1,형용사,C1,부분적인
partially,adv. C1,부사,C1,부분적으로
participation,n. B2,명사,B2,참여
partnership,n. B2,명사,B2,파트너십
part-time,"adj., adv. B2",형용사·부사,B2,파트타임
passing,n. C1,명사,C1,통과
passionate,adj. B2,형용사,B2,열정적인
passive,adj. C1,형용사,C1,수동적
password,n. B2,명사,B2,비밀번호
pastor,n. C1,명사,C1,목사
patch,n. B2,명사,B2,패치
patent,n. C1,명사,C1,특허
pathway,n. C1,명사,C1,통로
patience,n. B2,명사,B2,인내심
patrol,"n., v. C1",명사·동사,C1,순찰
patron,n. C1,명사,C1,후원자
pause,"v., n. B2",동사·명사,B2,일시 중지
peak,n. C1,명사,C1,피크
peasant,n. C1,명사,C1,농부
peculiar,adj. C1,형용사,C1,특이한
peer,n. B2,명사,B2,동료
penalty,n. B2,명사,B2,페널티
pension1,n. C1,명사,C1,연금1
perceive,v. B2,동사,B2,인지하다
perception,n. B2,명사,B2,지각
permanently,adv. B2,부사,B2,영구적으로
persist,v. C1,동사,C1,지속하다
persistent,adj. C1,형용사,C1,끈질긴
personnel,n. C1,명사,C1,인원
petition,n. C1,명사,C1,청원서
pharmacy,n. B2,명사,B2,약국
philosopher,n. C1,명사,C1,철학자
philosophical,adj. C1,형용사,C1,철학적인
physician,n. B2,명사,B2,의사
pill,n. B2,명사,B2,알약
pioneer,"n., v. C1",명사·동사,C1,개척자
pipeline,n. C1,명사,C1,파이프라인
pirate,n. C1,명사,C1,해적
pit,n. C1,명사,C1,구덩이
pity,n. B2,명사,B2,동정심
placement,n. B2,명사,B2,배치
plea,n. C1,명사,C1,항변
plead,v. C1,동사,C1,간청하다
pledge,"v., n. C1",동사·명사,C1,서약
plug,"v., n. C1",동사·명사,C1,플러그
plunge,v. C1,동사,C1,뛰어들다
pole,n. C1,명사,C1,극
poll,n. C1,명사,C1,여론 조사
pond,n. C1,명사,C1,연못
pop,v. C1,동사,C1,팝
portfolio,n. C1,명사,C1,포트폴리오
portion,n. B2,명사,B2,부분
portray,v. C1,동사,C1,묘사하다
postpone,v. C1,동사,C1,연기하다
postwar,adj. C1,형용사,C1,전후
potentially,adv. B2,부사,B2,잠재적으로
practitioner,n. C1,명사,C1,개업의
preach,v. C1,동사,C1,설교하다
precede,v. B2,동사,B2,선행하다
precedent,n. C1,명사,C1,선례
precious,adj. B2,형용사,B2,소중한
precise,adj. B2,형용사,B2,정확한
precisely,adv. B2,부사,B2,정확하게
precision,n. C1,명사,C1,정밀도
predator,n. C1,명사,C1,육식 동물
predecessor,n. C1,명사,C1,전임자
predictable,adj. B2,형용사,B2,예측 가능한
predominantly,adv. C1,부사,C1,주로
preference,n. B2,명사,B2,선호
pregnancy,n. C1,명사,C1,임신
prejudice,n. C1,명사,C1,편견
preliminary,adj. C1,형용사,C1,예비
premier,n. C1,명사,C1,총리
premise,n. C1,명사,C1,전제
premium,n. C1,명사,C1,프리미엄
prescribe,v. C1,동사,C1,처방하다
prescription,n. C1,명사,C1,처방전
presently,adv. C1,부사,C1,현재
preservation,n. C1,명사,C1,보존
preside,v. C1,동사,C1,주재하다
presidency,n. C1,명사,C1,대통령직
presidential,adj. B2,형용사,B2,대통령
prestigious,adj. C1,형용사,C1,권위있는
presumably,adv. C1,부사,C1,아마도
presume,v. C1,동사,C1,추정하다
prevail,v. C1,동사,C1,승리하다
prevalence,n. C1,명사,C1,보급
prevention,n. C1,명사,C1,예방
prey,n. C1,명사,C1,먹이
pride,n. B2,명사,B2,자부심
primarily,adv. B2,부사,B2,주로
principal,"adj. B2, n. C1",형용사 / 명사,B2 / C1,"주요한; 교장, 원금"
prior,adj. B2,형용사,B2,이전
privatization,n. C1,명사,C1,민영화
privilege,n. C1,명사,C1,특권
probability,n. B2,명사,B2,확률
probable,adj. B2,형용사,B2,아마도
probe,"n., v. C1",명사·동사,C1,"탐사, 조사; 조사하다"
problematic,adj. C1,형용사,C1,문제가 있는
proceed,v. B2,동사,B2,진행하다
proceeding,n. C1,명사,C1,진행
proceeds,n. C1,명사,C1,수익금
processing,n. C1,명사,C1,처리
processor,n. C1,명사,C1,프로세서
proclaim,v. C1,동사,C1,선포하다
productive,adj. C1,형용사,C1,생산적인
productivity,n. C1,명사,C1,생산성
profitable,adj. C1,형용사,C1,수익성이 있는
profound,adj. C1,형용사,C1,심오한
programming,n. B2,명사,B2,프로그래밍
progressive,adj. B2,형용사,B2,진보적인
prohibit,v. B2,동사,B2,금지하다
projection,n. C1,명사,C1,투영
prominent,adj. C1,형용사,C1,눈에 띄는
promising,adj. B2,형용사,B2,유망한
promotion,n. B2,명사,B2,프로모션
prompt,v. B2,동사,B2,프롬프트
pronounced,adj. C1,형용사,C1,발음
propaganda,n. C1,명사,C1,선전
proportion,n. B2,명사,B2,비율
proposition,n. C1,명사,C1,제안
prosecute,v. C1,동사,C1,기소하다
prosecution,n. C1,명사,C1,기소
prosecutor,n. C1,명사,C1,검사
prospective,adj. C1,형용사,C1,장래의
prosperity,n. C1,명사,C1,번영
protective,adj. C1,형용사,C1,보호적인
protein,n. B2,명사,B2,단백질
protester,n. B2,명사,B2,시위자
protocol,n. C1,명사,C1,프로토콜
province,n. C1,명사,C1,지방
provincial,adj. C1,형용사,C1,지방의
provision,n. C1,명사,C1,제공
provoke,v. C1,동사,C1,도발하다
psychiatric,adj. C1,형용사,C1,정신과의
psychological,adj. B2,형용사,B2,심리적
publicity,n. B2,명사,B2,홍보
publishing,n. B2,명사,B2,출판
pulse,n. C1,명사,C1,맥박
pump,"v., n. C1",동사·명사,C1,펌프
punch,"n., v. C1",명사·동사,C1,펀치
punk,n. B2,명사,B2,펑크
purely,adv. B2,부사,B2,순전히
pursuit,n. B2,명사,B2,추격
puzzle,n. B2,명사,B2,퍼즐
query,n. C1,명사,C1,쿼리
quest,n. C1,명사,C1,퀘스트
questionnaire,n. B2,명사,B2,설문지
quota,n. C1,명사,C1,할당량
racial,adj. B2,형용사,B2,인종
racism,n. B2,명사,B2,인종차별
racist,"adj., n. B2",형용사·명사,B2,인종차별주의자
radar,n. C1,명사,C1,레이더
radiation,n. B2,명사,B2,방사선
radical,adj. C1,형용사,C1,급진적인
rage,n. C1,명사,C1,분노
raid,"n., v. C1",명사·동사,C1,급습; 급습하다
rail,n. B2,명사,B2,철도
rally,"n., v. C1",명사·동사,C1,"집회; 다시 회복하다, 결집하다"
random,adj. B2,형용사,B2,무작위
ranking,n. C1,명사,C1,순위
rape,"n., v. C1",명사·동사,C1,강간
rat,n. B2,명사,B2,쥐
rating,n. B2,명사,B2,등급
ratio,n. C1,명사,C1,비율
rational,adj. C1,형용사,C1,합리적
ray,n. C1,명사,C1,레이
readily,adv. C1,부사,C1,쉽게
realization,n. C1,명사,C1,실현
realm,n. C1,명사,C1,영역
rear,"adj., n. C1",형용사·명사,C1,후방
reasonably,adv. B2,부사,B2,합리적으로
reasoning,n. C1,명사,C1,추론
reassure,v. C1,동사,C1,안심시키다
rebel,n. C1,명사,C1,반란군
rebellion,n. C1,명사,C1,반란
rebuild,v. B2,동사,B2,재건하다
receiver,n. B2,명사,B2,수신기
recession,n. B2,명사,B2,불황
recipient,n. C1,명사,C1,수취인
reckon,v. B2,동사,B2,생각하다
recognition,n. B2,명사,B2,인식
reconstruction,n. C1,명사,C1,재건축
recount1,v. C1,동사,C1,"이야기를 들려주다, 자세히 설명하다"
recovery,n. B2,명사,B2,회복
recruit,"v., n. B2",동사·명사,B2,모집하다
recruitment,n. C1,명사,C1,모집
referee,n. B2,명사,B2,심판
referendum,n. C1,명사,C1,국민투표
reflection,n. C1,명사,C1,반사
reform,"n., v. C1",명사·동사,C1,개혁
refuge,n. C1,명사,C1,피난처
refugee,n. B2,명사,B2,난민
refusal,n. C1,명사,C1,거절
regain,v. C1,동사,C1,회복하다
regardless,adv. C1,부사,C1,상관없이
regime,n. C1,명사,C1,정권
registration,n. B2,명사,B2,등록
regulate,v. B2,동사,B2,규제하다
regulator,n. C1,명사,C1,레귤레이터
regulatory,adj. C1,형용사,C1,규제
rehabilitation,n. C1,명사,C1,재활
reign,"n., v. C1",명사·동사,C1,통치하다
reinforce,v. B2,동사,B2,강화하다
rejection,n. C1,명사,C1,거절
relevance,n. C1,명사,C1,관련성
reliability,n. C1,명사,C1,신뢰성
relieve,v. B2,동사,B2,완화하다
relieved,adj. B2,형용사,B2,안심
reluctant,adj. C1,형용사,C1,꺼려하는
remainder,n. C1,명사,C1,나머지
remains,n. C1,명사,C1,유적
remarkable,adj. B2,형용사,B2,주목할 만한
remarkably,adv. B2,부사,B2,놀랍게도
remedy,n. C1,명사,C1,구제책
reminder,n. C1,명사,C1,알림
removal,n. C1,명사,C1,제거
render,v. C1,동사,C1,세우다
renew,v. C1,동사,C1,갱신
renowned,adj. C1,형용사,C1,유명한
rental,n. C1,명사,C1,임대
replacement,n. C1,명사,C1,교체
reportedly,adv. C1,부사,C1,보도에 따르면
reporting,n. B2,명사,B2,보고
representation,n. C1,명사,C1,표현
reproduce,v. C1,동사,C1,재현하다
reproduction,n. C1,명사,C1,재생산
republic,n. C1,명사,C1,공화국
resemble,v. C1,동사,C1,닮았다
reside,v. C1,동사,C1,거주하다
residence,n. C1,명사,C1,거주지
residential,adj. C1,형용사,C1,주거용
residue,n. C1,명사,C1,잔류물
resign,v. B2,동사,B2,사임하다
resignation,n. C1,명사,C1,사임
resistance,n. C1,명사,C1,저항
resolution,n. B2,명사,B2,해상도
respective,adj. C1,형용사,C1,각각의
respectively,adv. C1,부사,C1,각각
restoration,n. C1,명사,C1,복원
restore,v. B2,동사,B2,복원
restraint,n. C1,명사,C1,구속
restrict,v. B2,동사,B2,제한하다
restriction,n. B2,명사,B2,제한
resume,v. C1,동사,C1,이력서
résumé,n. B2,명사,B2,이력서
retail,n. B2,명사,B2,소매
retirement,n. B2,명사,B2,은퇴
retreat,"n., v. C1",명사·동사,C1,후퇴
retrieve,v. C1,동사,C1,회수하다
revelation,n. C1,명사,C1,계시
revenge,n. C1,명사,C1,복수
revenue,n. B2,명사,B2,수익
reverse,"v., n., adj. C1",동사·명사·형용사,C1,역방향
revision,n. B2,명사,B2,개정
revival,n. C1,명사,C1,부흥
revive,v. C1,동사,C1,부활시키다
revolutionary,adj. C1,형용사,C1,혁명적
rhetoric,n. C1,명사,C1,수사학
ridiculous,adj. B2,형용사,B2,우스꽝스러운
rifle,n. C1,명사,C1,소총
riot,n. C1,명사,C1,폭동
rip,v. C1,동사,C1,찢어지다
risky,adj. B2,형용사,B2,위험한
ritual,n. C1,명사,C1,의식
rival,"n., adj. B2",명사·형용사,B2,라이벌
rob,v. B2,동사,B2,털다
robbery,n. B2,명사,B2,강도
robust,adj. C1,형용사,C1,견고한
rock,v. C1,동사,C1,록
rocket,n. B2,명사,B2,로켓
rod,n. C1,명사,C1,막대
romance,n. B2,명사,B2,로맨스
rookie,n. C1,명사,C1,신인
rose,n. B2,명사,B2,장미
roster,n. C1,명사,C1,명단
rotate,v. C1,동사,C1,회전하다
rotation,n. C1,명사,C1,회전
roughly,adv. B2,부사,B2,대충
ruin,"v., n. B2",동사·명사,B2,파멸
ruling,n. C1,명사,C1,판결
rumor,n. C1,명사,C1,소문
sacred,adj. C1,형용사,C1,신성한
sacrifice,"n., v. C1",명사·동사,C1,희생
saint,n. C1,명사,C1,성자
sake,n. C1,명사,C1,술
sanction,n. C1,명사,C1,제재
satisfaction,n. B2,명사,B2,만족
say,n. C1,명사,C1,말하다
scandal,n. B2,명사,B2,스캔들
scare,"v., n. B2",동사·명사,B2,겁
scattered,adj. C1,형용사,C1,흩어진
scenario,n. B2,명사,B2,시나리오
scholar,n. B2,명사,B2,학자
scholarship,n. B2,명사,B2,장학금
scope,n. C1,명사,C1,범위
scratch,"v., n. B2",동사·명사,B2,긁다; 긁힌 자국
screening,n. B2,명사,B2,심사
screw,"v., n. C1",동사·명사,C1,나사
scrutiny,n. C1,명사,C1,정밀한 조사
seal,"v., n. C1",동사·명사,C1,"봉인하다; 봉인, 도장"
secondly,adv. C1,부사,C1,둘째로
secular,adj. C1,형용사,C1,세속적인
seeker,n. B2,명사,B2,찾는 사람
seemingly,adv. C1,부사,C1,겉으로는
segment,n. C1,명사,C1,세그먼트
seize,v. C1,동사,C1,붙잡다
seldom,adv. C1,부사,C1,드물게
selective,adj. C1,형용사,C1,선택적
seminar,n. B2,명사,B2,세미나
sensation,n. C1,명사,C1,감각
sensitivity,n. C1,명사,C1,감도
sentiment,n. C1,명사,C1,감정
separation,n. C1,명사,C1,별거
serial,adj. C1,형용사,C1,연속물
settlement,n. C1,명사,C1,정착
settler,n. B2,명사,B2,정착민
setup,n. C1,명사,C1,설정
severely,adv. B2,부사,B2,심하게
sexuality,n. C1,명사,C1,성적 취향
sexy,adj. B2,형용사,B2,섹시한
shaped,adj. B2,형용사,B2,모양의
shareholder,n. C1,명사,C1,주주
shatter,v. C1,동사,C1,산산조각
shed,v. C1,동사,C1,창고
sheer,adj. C1,형용사,C1,얇은
shipping,n. C1,명사,C1,배송
shocking,adj. B2,형용사,B2,충격적인
shoot,n. C1,명사,C1,쏘다
shore,n. B2,명사,B2,해안
shortage,n. B2,명사,B2,부족
shortly,adv. B2,부사,B2,곧
short-term,adj. B2,형용사,B2,단기
shrink,v. C1,동사,C1,수축하다
shrug,v. C1,동사,C1,어깨를 으쓱하다
sibling,n. B2,명사,B2,형제자매
sidewalk,n. B2,명사,B2,보도
sigh,"v., n. C1",동사·명사,C1,한숨
signature,n. B2,명사,B2,서명
significance,n. B2,명사,B2,중요성
simulate,v. C1,동사,C1,시뮬레이션
simulation,n. C1,명사,C1,시뮬레이션
simultaneously,adv. C1,부사,C1,동시에
sin,n. C1,명사,C1,죄
situated,adj. C1,형용사,C1,위치
skeptical,adj. C1,형용사,C1,회의적인
sketch,n. C1,명사,C1,스케치
skilled,adj. B2,형용사,B2,숙련된
skip,v. C1,동사,C1,건너뛰기
skull,n. B2,명사,B2,두개골
slam,v. C1,동사,C1,쾅
slap,v. C1,동사,C1,때리다
slash,v. C1,동사,C1,슬래시
slavery,n. C1,명사,C1,노예 제도
slogan,n. B2,명사,B2,슬로건
slot,n. C1,명사,C1,슬롯
smash,v. C1,동사,C1,스매시
snap,v. C1,동사,C1,스냅
soak,v. C1,동사,C1,담그다
soar,v. C1,동사,C1,솟아오르다
so-called,adj. B2,형용사,B2,소위
socialist,adj. C1,형용사,C1,사회주의자
sole,adj. C1,형용사,C1,유일한
solely,adv. C1,부사,C1,오로지
solidarity,n. C1,명사,C1,연대
solo,"adj., n. C1",형용사·명사,C1,솔로
somehow,adv. B2,부사,B2,어떻게든
sometime,adv. B2,부사,B2,언젠가
sophisticated,adj. B2,형용사,B2,정교한
sophomore,n. C1,명사,C1,2학년
sound,adj. C1,형용사,C1,소리
sovereignty,n. C1,명사,C1,주권
spam,n. C1,명사,C1,스팸
span,"v., n. C1",동사·명사,C1,범위; 걸치다
spare,"adj. B2, v. C1",형용사 / 동사,B2 / C1,"여분의; 아끼다, 용서하다"
spark,v. C1,동사,C1,불꽃
specialize,v. B1,동사,B1,전문화하다
specialized,adj. C1,형용사,C1,전문화된
specification,n. C1,명사,C1,사양
specify,v. B2,동사,B2,지정하다
specimen,n. C1,명사,C1,표본
spectacle,n. C1,명사,C1,광경
spectacular,adj. B2,형용사,B2,장관의
spectator,n. B2,명사,B2,관중
spectrum,n. C1,명사,C1,스펙트럼
speculate,v. B2,동사,B2,추측하다
speculation,n. B2,명사,B2,추측
spell,n. C1,명사,C1,철자
sphere,n. C1,명사,C1,구체
spice,n. B2,명사,B2,향신료
spill,v. B2,동사,B2,유출하다
spin,"v., n. C1",동사·명사,C1,회전; 회전하다
spine,n. C1,명사,C1,척추
spite,n. B2,명사,B2,악의
spoil,v. B2,동사,B2,망치다
spokesman,n. B2,명사,B2,대변인
spokesperson,n. B2,명사,B2,대변인
spokeswoman,n. B2,명사,B2,대변인
sponsorship,n. B2,명사,B2,후원
spotlight,n. C1,명사,C1,스포트라이트
spouse,n. C1,명사,C1,배우자
spy,"n., v. C1",명사·동사,C1,스파이
squad,n. C1,명사,C1,분대
squeeze,v. C1,동사,C1,짜내다
stab,v. C1,동사,C1,찌르다
stability,n. C1,명사,C1,안정성
stabilize,v. C1,동사,C1,안정시키다
stake,n. C1,명사,C1,스테이크
stall,n. B2,명사,B2,마구간
stance,n. B2,명사,B2,입장
standing,adj. C1,형용사,C1,서 있는
stark,adj. C1,형용사,C1,뚜렷한
starve,v. B2,동사,B2,굶어 죽다
statistical,adj. C1,형용사,C1,통계적
steadily,adv. B2,부사,B2,꾸준히
steam,n. B2,명사,B2,증기
steer,v. C1,동사,C1,조종하다
stem,"n., v. C1",명사·동사,C1,줄기
stereotype,n. C1,명사,C1,고정관념
stimulate,v. B2,동사,B2,자극하다
stimulus,n. C1,명사,C1,자극
stir,v. C1,동사,C1,저어
storage,n. C1,명사,C1,저장
straightforward,adj. C1,형용사,C1,간단하다
strain,n. C1,명사,C1,긴장
strand,n. C1,명사,C1,가닥
strategic,adj. C1,형용사,C1,전략적
strengthen,v. B2,동사,B2,강화하다
strictly,adv. B2,부사,B2,엄격하게
striking,adj. B2,형용사,B2,눈에 띄는
strip (long narrow piece),n. C1,명사,C1,"가늘고 긴 조각, 띠"
strip (remove clothes/a layer),v. C1,동사,C1,벗기다; 벗다
strive,v. C1,동사,C1,노력하다
stroke,n. B2,명사,B2,뇌졸중
structural,adj. C1,형용사,C1,구조적
stumble,v. C1,동사,C1,비틀거리다
stun,v. C1,동사,C1,기절시키다
stunning,adj. B2,형용사,B2,충격적인
submission,n. C1,명사,C1,제출
subscriber,n. C1,명사,C1,가입자
subscription,n. C1,명사,C1,구독
subsequent,adj. B2,형용사,B2,후속
subsequently,adv. B2,부사,B2,이후
subsidy,n. C1,명사,C1,보조금
substantial,adj. C1,형용사,C1,상당한
substantially,adv. C1,부사,C1,실질적으로
substitute,"n., v. C1",명사·동사,C1,대체하다
substitution,n. C1,명사,C1,대체
subtle,adj. C1,형용사,C1,미묘한
suburb,n. B2,명사,B2,교외
suburban,adj. C1,형용사,C1,교외
succession,n. C1,명사,C1,계승
successive,adj. C1,형용사,C1,연속적인
successor,n. C1,명사,C1,후임
suck,v. C1,동사,C1,빨다
sue,v. C1,동사,C1,고소하다
suffering,n. B2,명사,B2,괴로움
sufficient,adj. B2,형용사,B2,충분하다
sufficiently,adv. B2,부사,B2,충분히
suicide,n. C1,명사,C1,자살
suite,n. C1,명사,C1,스위트룸
summit,n. C1,명사,C1,정상 회담
super,adj. B2,형용사,B2,슈퍼
superb,adj. C1,형용사,C1,훌륭하다
superintendent,n. C1,명사,C1,교육감
superior,adj. C1,형용사,C1,우수한
supervise,v. C1,동사,C1,감독하다
supervision,n. C1,명사,C1,감독
supervisor,n. C1,명사,C1,감독자
supplement,"n., v. C1",명사·동사,C1,보충제
supportive,adj. C1,형용사,C1,지지하는
supposedly,adv. C1,부사,C1,아마도
suppress,v. C1,동사,C1,억제하다
supreme,adj. C1,형용사,C1,최고
surge,"n., v. C1",명사·동사,C1,급증
surgeon,n. B2,명사,B2,외과 의사
surgical,adj. C1,형용사,C1,외과의
surplus,n. C1,명사,C1,잉여
surrender,v. C1,동사,C1,항복
surveillance,n. C1,명사,C1,감시
survival,n. B2,명사,B2,생존
survivor,n. B2,명사,B2,생존자
suspend,v. B2,동사,B2,일시 중지하다
suspension,n. C1,명사,C1,서스펜션
suspicion,n. C1,명사,C1,의심
suspicious,adj. C1,형용사,C1,의심스러운
sustain,v. C1,동사,C1,유지하다
sustainable,adj. B2,형용사,B2,지속 가능한
swallow,v. B2,동사,B2,삼키다
swing,"v., n. C1",동사·명사,C1,그네
sword,n. C1,명사,C1,검
symbolic,adj. C1,형용사,C1,상징적인
sympathetic,adj. B2,형용사,B2,동정적인
syndrome,n. C1,명사,C1,증후군
synthesis,n. C1,명사,C1,합성
systematic,adj. C1,형용사,C1,체계적인
tackle,"v. B2, n. C1",동사 / 명사,B2 / C1,태클
tactic,n. C1,명사,C1,전술
tactical,adj. C1,형용사,C1,전술적
tag,"n., v. B2",명사·동사,B2,태그
tap,"v., n. B2",동사·명사,B2,탭
taxpayer,n. C1,명사,C1,납세자
technological,adj. B2,형용사,B2,기술적
teen,"n., adj. B2",명사·형용사,B2,비탄
temple,n. B2,명사,B2,사원
temporarily,adv. B2,부사,B2,일시적으로
tempt,v. C1,동사,C1,유혹하다
tenant,n. C1,명사,C1,세입자
tendency,n. B2,명사,B2,경향
tender,adj. C1,형용사,C1,부드러운
tension,n. B2,명사,B2,긴장
tenure,n. C1,명사,C1,임기
terminal,"n. B2, adj. C1",명사 / 형용사,B2 / C1,터미널
terminate,v. C1,동사,C1,종료하다
terms,n. B2,명사,B2,용어
terrain,n. C1,명사,C1,지형
terribly,adv. B2,부사,B2,몹시
terrific,adj. C1,형용사,C1,훌륭하다
terrify,v. B2,동사,B2,겁을 주다
territory,n. B2,명사,B2,영토
terror,n. B2,명사,B2,테러
terrorism,n. B2,명사,B2,테러
terrorist,n. B2,명사,B2,테러리스트
testify,v. C1,동사,C1,증언하다
testimony,n. C1,명사,C1,증언
testing,n. B2,명사,B2,테스트
textbook,n. B2,명사,B2,교과서
texture,n. C1,명사,C1,질감
thankfully,adv. C1,부사,C1,고맙게도
theatrical,adj. C1,형용사,C1,연극
theft,n. B2,명사,B2,도난
theology,n. C1,명사,C1,신학
theoretical,adj. C1,형용사,C1,이론적
therapist,n. B2,명사,B2,치료사
thereafter,adv. C1,부사,C1,그 이후
thereby,adv. C1,부사,C1,이로써
thesis,n. B2,명사,B2,논문
thorough,adj. B2,형용사,B2,철저한
thoroughly,adv. B2,부사,B2,철저하게
thoughtful,adj. C1,형용사,C1,사려깊은
thought-provoking,adj. C1,형용사,C1,생각을 자극하는
thread,n. C1,명사,C1,실
threshold,n. C1,명사,C1,문지방
thrilled,adj. C1,형용사,C1,감격하다
thrive,v. C1,동사,C1,번창하다
thumb,n. B2,명사,B2,엄지손가락
tide,n. C1,명사,C1,조수
tighten,v. C1,동사,C1,조이다
timber,n. C1,명사,C1,목재
timely,adj. C1,형용사,C1,시기적절한
timing,n. B2,명사,B2,타이밍
tissue,n. B2,명사,B2,조직
tobacco,n. C1,명사,C1,담배
tolerance,n. C1,명사,C1,관용
tolerate,v. C1,동사,C1,참다
toll,n. C1,명사,C1,통행료
top,v. C1,동사,C1,상단
torture,"n., v. C1",명사·동사,C1,고문
toss,v. C1,동사,C1,던지다
total,v. C1,동사,C1,합계
tournament,n. B2,명사,B2,토너먼트
toxic,adj. C1,형용사,C1,유독한
trace,"v.B2, n. C1",동사 / 명사,B2 / C1,추적
trademark,n. C1,명사,C1,상표
trading,n. B2,명사,B2,거래
tragedy,n. B2,명사,B2,비극
tragic,adj. B2,형용사,B2,비극적인
trail,"n., v. C1",명사·동사,C1,흔적
trailer,n. C1,명사,C1,트레일러
trait,n. B2,명사,B2,특성
transaction,n. C1,명사,C1,거래
transcript,n. C1,명사,C1,성적표
transformation,n. C1,명사,C1,변형
transit,n. C1,명사,C1,대중교통
transmission,n. C1,명사,C1,전송
transmit,v. B2,동사,B2,전송하다
transparency,n. C1,명사,C1,투명성
transparent,adj. C1,형용사,C1,투명한
trap,"v., n. B2",동사·명사,B2,함정
trauma,n. C1,명사,C1,외상
treasure,n. B2,명사,B2,보물
treaty,n. C1,명사,C1,조약
tremendous,adj. C1,형용사,C1,엄청난
tribal,adj. C1,형용사,C1,부족의
tribe,n. B2,명사,B2,부족
tribute,n. C1,명사,C1,공물
trigger,"v. B2, n. C1",동사 / 명사,B2 / C1,방아쇠
trillion,number  B2,수사,B2,조
trio,n. C1,명사,C1,트리오
triumph,n. C1,명사,C1,승리
troop,n. B2,명사,B2,군대
trophy,n. C1,명사,C1,트로피
troubled,adj. C1,형용사,C1,고민하다
trustee,n. C1,명사,C1,수탁자
tsunami,n. B2,명사,B2,쓰나미
tuition,n. C1,명사,C1,수업료
tumor,n. C1,명사,C1,종양
turnout,n. C1,명사,C1,투표율
turnover,n. C1,명사,C1,회전율
twist,"v., n. C1",동사·명사,C1,트위스트
ultimate,adj. B2,형용사,B2,궁극의
unacceptable,adj. B2,형용사,B2,받아들일 수 없는
uncertainty,n. B2,명사,B2,불확실성
unconstitutional,adj. C1,형용사,C1,위헌
undergo,v. B2,동사,B2,겪다
undergraduate,n. C1,명사,C1,학부생
underlying,adj. C1,형용사,C1,기본
undermine,v. C1,동사,C1,훼손하다
undertake,v. B2,동사,B2,맡다
undoubtedly,adv. C1,부사,C1,의심할 여지 없이
unfold,v. B2,동사,B2,펼치다
unfortunate,adj. B2,형용사,B2,불행한
unify,v. C1,동사,C1,통일하다
unite,v. B2,동사,B2,단결하다
unity,n. B2,명사,B2,화합
universal,adj. B2,형용사,B2,보편적인
unprecedented,adj. C1,형용사,C1,전례 없는
unveil,v. C1,동사,C1,베일을 벗기다
upcoming,adj. C1,형용사,C1,다가오는
upgrade,"v., n. C1",동사·명사,C1,업그레이드
uphold,v. C1,동사,C1,유지하다
urgent,adj. B2,형용사,B2,긴급
usage,n. B2,명사,B2,사용법
useless,adj. B2,형용사,B2,쓸모없는
utility,n. C1,명사,C1,유틸리티
utilize,v. C1,동사,C1,활용하다
utterly,adv. C1,부사,C1,완전히
vacuum,n. C1,명사,C1,진공
vague,adj. C1,형용사,C1,모호한
valid,adj. B2,형용사,B2,유효한
validity,n. C1,명사,C1,타당성
vanish,v. C1,동사,C1,사라지다
variable,"n., adj. C1",명사·형용사,C1,변수
variation,n. B2,명사,B2,변형
varied,adj. C1,형용사,C1,다양하다
vein,n. C1,명사,C1,정맥
venture,"n., v. C1",명사·동사,C1,벤처
verbal,adj. C1,형용사,C1,구두
verdict,n. C1,명사,C1,평결
verify,v. C1,동사,C1,확인하다
verse,n. C1,명사,C1,운문
versus,conj. C1,접속사,C1,대
vertical,adj. B2,형용사,B2,수직
vessel,n. C1,명사,C1,선박
veteran,n. C1,명사,C1,베테랑
viable,adj. C1,형용사,C1,실행 가능한
vibrant,adj. C1,형용사,C1,활기찬
vice,n. C1,명사,C1,부통령
vicious,adj. C1,형용사,C1,악랄한
viewpoint,n. B2,명사,B2,관점
violate,v. C1,동사,C1,위반하다
violation,n. C1,명사,C1,위반
virtue,n. C1,명사,C1,미덕
visa,n. B2,명사,B2,비자
visible,adj. B2,형용사,B2,보이는
vocal,adj. C1,형용사,C1,보컬
voluntary,adj. B2,형용사,B2,자발적인
voting,n. B2,명사,B2,투표
vow,v. C1,동사,C1,맹세하다
vulnerability,n. C1,명사,C1,취약성
vulnerable,adj. C1,형용사,C1,취약한
wander,v. B2,동사,B2,방황하다
ward,n. C1,명사,C1,병동
warehouse,n. C1,명사,C1,창고
warfare,n. C1,명사,C1,전쟁
warming,n. B2,명사,B2,온난화
warrant,"n., v. C1",명사·동사,C1,"영장, 보증; 보증하다"
warrior,n. C1,명사,C1,전사
weaken,v. C1,동사,C1,약화하다
weave,v. C1,동사,C1,짜다
weed,n. C1,명사,C1,잡초
weekly,adj. B2,형용사,B2,매주
weird,adj. B2,형용사,B2,이상한
welfare,n. B2,명사,B2,복지
well,n. C1,명사,C1,음
well-being,n. C1,명사,C1,웰빙
whatsoever,adv. C1,부사,C1,뭐든지
wheat,n. B2,명사,B2,밀
whereby,adv. C1,부사,C1,이로써
whip,v. C1,동사,C1,채찍
whoever,pron. B2,대명사,B2,누구든지
wholly,adv. C1,부사,C1,전적으로
widen,v. C1,동사,C1,넓히다
widespread,adj. B2,형용사,B2,널리 퍼진
widow,n. C1,명사,C1,과부
width,n. C1,명사,C1,폭
willingness,n. C1,명사,C1,의지
wipe,v. C1,동사,C1,닦다
wisdom,n. B2,명사,B2,지혜
wit,n. C1,명사,C1,재치
withdraw,v. B2,동사,B2,철수하다
withdrawal,n. C1,명사,C1,철수
wolf,n. B2,명사,B2,늑대
workforce,n. B2,명사,B2,인력
workout,n. C1,명사,C1,운동
workplace,n. B2,명사,B2,직장
workshop,n. B2,명사,B2,작업장
worm,n. B2,명사,B2,벌레
worship,"n., v. C1",명사·동사,C1,숭배; 숭배하다
worthwhile,adj. C1,형용사,C1,가치 있는
worthy,adj. C1,형용사,C1,가치 있는
wrist,n. B2,명사,B2,손목
yell,v. C1,동사,C1,소리치다
yield,"n., v. C1",명사·동사,C1,"산출량; 양보하다, 생산하다"
